hokkaido-tohoku:
  name: "北海道・東北"
  prefectures:
    - hokkaido
    - aomori
    - miyagi
    - yamagata

kanto:
  name: "関東"
  prefectures:
    - chiba
    - kanagawa

hokuriku:
  name: "北陸"
  prefectures:
    - niigata
    - toyama
    - ishikawa
    - fukui

tokai:
  name: "東海"
  prefectures:
    - shizuoka
    - aichi
    - mie

kinki:
  name: "近畿"
  prefectures:
    - kyoto
    - osaka
    - hyogo
    - wakayama

chugoku:
  name: "中国"
  prefectures:
    - hiroshima
    - yamaguchi

shikoku:
  name: "四国"
  prefectures:
    - tokushima
    - kagawa
    - ehime
    - kochi

kyushu-okinawa:
  name: "九州・沖縄"
  prefectures:
    - fukuoka
    - saga
    - nagasaki
    - kumamoto
    - oita
    - miyazaki
    - kagoshima
    - okinawa
